state,medicaid_births,pct_medicaid_births,year,num_enrollment,pct_enrollment,num_under_19,pct_under_19,pct_19_64,pct_over_65,governor,senate,house,total_gov,democratic_pres_votes,republican_pres_votes,other_pres_votes,total_pres_votes
alabama,,,2000,,,,,,,,,,,695602.0,944409.0,32540.0,1672551.0
alaska,,,2000,,,,,,,,,,,79004.0,167398.0,39128.0,285530.0
arizona,,,2000,,,,,,,,,,,685341.0,781652.0,67120.0,1534113.0
arkansas,,,2000,,,,,,,,,,,422768.0,472940.0,26073.0,921781.0
california,,,2000,,,,,,,,,,,5861203.0,4567429.0,537224.0,10965856.0
colorado,,,2000,,,,,,,,,,,738227.0,883745.0,119393.0,1741365.0
connecticut,,,2000,,,,,,,,,,,816015.0,561094.0,82416.0,1459525.0
delaware,,,2000,,,,,,,,,,,180068.0,137288.0,10173.0,327529.0
district of columbia,,,2000,,,,,,,,,,,171923.0,18073.0,11898.0,201894.0
florida,,,2000,,,,,,,,,,,2911417.0,2911215.0,138028.0,5960660.0
georgia,,,2000,,,,,,,,,,,1116230.0,1419720.0,60854.0,2596804.0
hawaii,,,2000,,,,,,,,,,,205242.0,137819.0,24810.0,367871.0
idaho,,,2000,,,,,,,,,,,138637.0,336937.0,26047.0,501621.0
illinois,,,2000,,,,,,,,,,,2589026.0,2019421.0,133676.0,4742123.0
indiana,,,2000,,,,,,,,,,,901980.0,1245836.0,51489.0,2199305.0
iowa,,,2000,,,,,,,,,,,638517.0,634373.0,42673.0,1315563.0
kansas,,,2000,,,,,,,,,,,399276.0,622332.0,50608.0,1072216.0
kentucky,,,2000,,,,,,,,,,,638898.0,872492.0,32797.0,1544187.0
louisiana,,,2000,,,,,,,,,,,792344.0,927871.0,45441.0,1765656.0
maine,,,2000,,,,,,,,,,,319951.0,286616.0,45250.0,651817.0
maryland,,,2000,,,,,,,,,,,1145782.0,813797.0,65901.0,2025480.0
massachusetts,,,2000,,,,,,,,,,,1616487.0,878502.0,207995.0,2702984.0
michigan,,,2000,,,,,,,,,,,2170418.0,1953139.0,109154.0,4232711.0
minnesota,,,2000,,,,,,,,,,,1168266.0,1109659.0,160760.0,2438685.0
mississippi,,,2000,,,,,,,,,,,404964.0,573230.0,16732.0,994926.0
missouri,,,2000,,,,,,,,,,,1111138.0,1189924.0,58830.0,2359892.0
montana,,,2000,,,,,,,,,,,137126.0,240178.0,33682.0,410986.0
nebraska,,,2000,,,,,,,,,,,231780.0,433862.0,31377.0,697019.0
nevada,,,2000,,,,,,,,,,,279978.0,301575.0,27417.0,608970.0
new hampshire,,,2000,,,,,,,,,,,266348.0,273559.0,29174.0,569081.0
new jersey,,,2000,,,,,,,,,,,1788850.0,1284173.0,114203.0,3187226.0
new mexico,,,2000,,,,,,,,,,,286783.0,286417.0,25405.0,598605.0
new york,,,2000,,,,,,,,,,,4107697.0,2403374.0,310928.0,6821999.0
north carolina,,,2000,,,,,,,,,,,1257692.0,1631163.0,22407.0,2911262.0
north dakota,,,2000,,,,,,,,,,,95284.0,174852.0,18131.0,288267.0
ohio,,,2000,,,,,,,,,,,2186190.0,2351209.0,168058.0,4705457.0
oklahoma,,,2000,,,,,,,,,,,474276.0,744337.0,15616.0,1234229.0
oregon,,,2000,,,,,,,,,,,720342.0,713577.0,100049.0,1533968.0
pennsylvania,,,2000,,,,,,,,,,,2485967.0,2281127.0,145091.0,4912185.0
rhode island,,,2000,,,,,,,,,,,249508.0,130555.0,29049.0,409112.0
south carolina,,,2000,,,,,,,,,,,566039.0,786426.0,31312.0,1383777.0
south dakota,,,2000,,,,,,,,,,,118804.0,190700.0,6765.0,316269.0
tennessee,,,2000,,,,,,,,,,,981720.0,1061949.0,32512.0,2076181.0
texas,,,2000,,,,,,,,,,,2433746.0,3799639.0,174252.0,6407637.0
utah,,,2000,,,,,,,,,,,203053.0,515096.0,52605.0,770754.0
vermont,,,2000,,,,,,,,,,,149022.0,119775.0,25511.0,294308.0
virginia,,,2000,,,,,,,,,,,1216422.0,1436877.0,84616.0,2686336.0
washington,,,2000,,,,,,,,,,,1247652.0,1108864.0,131925.0,2488441.0
west virginia,,,2000,,,,,,,,,,,295497.0,336475.0,16152.0,648124.0
wisconsin,,,2000,,,,,,,,,,,1242987.0,1237279.0,118341.0,2598607.0
wyoming,,,2000,,,,,,,,,,,60481.0,147947.0,9923.0,218351.0
alabama,,,2004,,,,,,,,,,,693933.0,1176394.0,13088.0,1883415.0
alaska,,,2004,,,,,,,,,,,180365.0,292267.0,16061.0,488693.0
arizona,,,2004,,,,,,,,,,,893524.0,1104294.0,14767.0,2012585.0
arkansas,,,2004,,,,,,,,,,,468631.0,572770.0,12293.0,1053694.0
california,,,2004,,,,,,,,,,,6737355.0,5501496.0,144827.0,12383678.0
colorado,,,2004,,,,,,,,,,,1001732.0,1101255.0,26643.0,2129630.0
connecticut,,,2004,,,,,,,,,,,857488.0,693826.0,27455.0,1578769.0
delaware,,,2004,,,,,,,,,,,200141.0,171651.0,3378.0,375170.0
district of columbia,,,2004,,,,,,,,,,,202970.0,21256.0,3360.0,227586.0
florida,,,2004,,,,,,,,,,,3583544.0,3964522.0,61744.0,7609810.0
georgia,,,2004,,,,,,,,,,,1366149.0,1914254.0,18387.0,3298790.0
hawaii,,,2004,,,,,,,,,,,231335.0,194116.0,3104.0,428555.0
idaho,,,2004,,,,,,,,,,,181098.0,409235.0,8043.0,598376.0
illinois,,,2004,,,,,,,,,,,2891989.0,2346608.0,36818.0,5275415.0
indiana,,,2004,,,,,,,,,,,969011.0,1479438.0,19553.0,2468002.0
iowa,,,2004,,,,,,,,,,,741898.0,751957.0,13053.0,1506908.0
kansas,,,2004,,,,,,,,,,,434993.0,736456.0,16307.0,1187756.0
kentucky,,,2004,,,,,,,,,,,712733.0,1069439.0,13688.0,1795860.0
louisiana,,,2004,,,,,,,,,,,820299.0,1102169.0,20638.0,1943106.0
maine,,,2004,,,,,,,,,,,364153.0,308997.0,13360.0,686510.0
maryland,,,2004,,,,,,,,,,,1334493.0,1024703.0,27482.0,2386678.0
massachusetts,,,2004,,,,,,,,,,,1803800.0,1071109.0,37479.0,2912388.0
michigan,,,2004,,,,,,,,,,,2479183.0,2313746.0,46323.0,4839252.0
minnesota,,,2004,,,,,,,,,,,1444751.0,1346451.0,36648.0,2827850.0
mississippi,,,2004,,,,,,,,,,,440034.0,666295.0,8530.0,1114859.0
missouri,,,2004,,,,,,,,,,,1259171.0,1455713.0,16480.0,2731364.0
montana,,,2004,,,,,,,,,,,173710.0,266063.0,10661.0,450434.0
nebraska,,,2004,,,,,,,,,,,254328.0,512814.0,11044.0,778186.0
nevada,,,2004,,,,,,,,,,,397190.0,418690.0,13707.0,829587.0
new hampshire,,,2004,,,,,,,,,,,340511.0,331237.0,5914.0,677662.0
new jersey,,,2004,,,,,,,,,,,1911430.0,1668003.0,30258.0,3609691.0
new mexico,,,2004,,,,,,,,,,,370942.0,376930.0,8432.0,756304.0
new york,,,2004,,,,,,,,,,,4180755.0,2806993.0,403288.0,7391036.0
north carolina,,,2004,,,,,,,,,,,1525849.0,1961166.0,13992.0,3501007.0
north dakota,,,2004,,,,,,,,,,,111052.0,196651.0,5130.0,312833.0
ohio,,,2004,,,,,,,,,,,2739952.0,2858727.0,26952.0,5625631.0
oklahoma,,,2004,,,,,,,,,,,503966.0,959792.0,0.0,1463758.0
oregon,,,2004,,,,,,,,,,,943163.0,866831.0,26788.0,1836782.0
pennsylvania,,,2004,,,,,,,,,,,2938095.0,2793847.0,33822.0,5765764.0
rhode island,,,2004,,,,,,,,,,,259760.0,169046.0,7483.0,436289.0
south carolina,,,2004,,,,,,,,,,,661699.0,937974.0,18057.0,1617730.0
south dakota,,,2004,,,,,,,,,,,149244.0,232584.0,6387.0,388215.0
tennessee,,,2004,,,,,,,,,,,1032910.0,1381225.0,16359.0,2430494.0
texas,,,2004,,,,,,,,,,,2832704.0,4526917.0,51128.0,7410749.0
utah,,,2004,,,,,,,,,,,241199.0,663742.0,22903.0,927844.0
vermont,,,2004,,,,,,,,,,,184067.0,121180.0,7062.0,312309.0
virginia,,,2004,,,,,,,,,,,1454742.0,1716959.0,26666.0,3142382.0
washington,,,2004,,,,,,,,,,,1510201.0,1304894.0,43989.0,2859084.0
west virginia,,,2004,,,,,,,,,,,326541.0,423550.0,5568.0,755659.0
wisconsin,,,2004,,,,,,,,,,,1489504.0,1478120.0,29383.0,2997007.0
wyoming,,,2004,,,,,,,,,,,70776.0,167629.0,5023.0,243428.0
alabama,,,2008,,,,,,,,,,,813479.0,1266546.0,19794.0,2099819.0
alaska,,,2008,,,,,,,,,,,123594.0,193841.0,8762.0,326197.0
arizona,,,2008,,,,,,,,,,,1034707.0,1230111.0,28657.0,2293475.0
arkansas,,,2008,,,,,,,,,,,422310.0,638017.0,26290.0,1086617.0
california,,,2008,,,,,,,,,,,8274473.0,5011781.0,275646.0,13561900.0
colorado,,,2008,,,,,,,,,,,1288576.0,1073589.0,39196.0,2401361.0
connecticut,,,2008,,,,,,,,,,,1000291.0,628041.0,18753.0,1647085.0
delaware,,,2008,,,,,,,,,,,255459.0,152374.0,4579.0,412412.0
district of columbia,,,2008,,,,,,,,,,,245800.0,17367.0,2686.0,265853.0
florida,,,2008,,,,,,,,,,,4282366.0,4046212.0,63061.0,8391639.0
georgia,,,2008,,,,,,,,,,,1844137.0,2048744.0,32397.0,3925278.0
hawaii,,,2008,,,,,,,,,,,325201.0,120429.0,7112.0,452742.0
idaho,,,2008,,,,,,,,,,,236440.0,403012.0,15580.0,655032.0
illinois,,,2008,,,,,,,,,,,3419673.0,2031527.0,71851.0,5523051.0
indiana,,,2008,,,,,,,,,,,1374039.0,1345648.0,31367.0,2751054.0
iowa,,,2008,,,,,,,,,,,828940.0,682379.0,25501.0,1536820.0
kansas,,,2008,,,,,,,,,,,514765.0,699655.0,21452.0,1235872.0
kentucky,,,2008,,,,,,,,,,,751985.0,1048462.0,26061.0,1826508.0
louisiana,,,2008,,,,,,,,,,,781574.0,1148015.0,29496.0,1959085.0
maine,,,2008,,,,,,,,,,,421923.0,295273.0,13967.0,731163.0
maryland,,,2008,,,,,,,,,,,1629467.0,959862.0,42267.0,2631596.0
massachusetts,,,2008,,,,,,,,,,,1904103.0,1108885.0,68348.0,3081336.0
michigan,,,2008,,,,,,,,,,,2872579.0,2048639.0,80548.0,5001766.0
minnesota,,,2008,,,,,,,,,,,1573354.0,1275409.0,61606.0,2910369.0
mississippi,,,2008,,,,,,,,,,,554662.0,724497.0,6100.0,1285259.0
missouri,,,2008,,,,,,,,,,,1441911.0,1445814.0,37480.0,2925205.0
montana,,,2008,,,,,,,,,,,232156.0,243860.0,20056.0,496072.0
nebraska,,,2008,,,,,,,,,,,333319.0,452979.0,14983.0,801281.0
nevada,,,2008,,,,,,,,,,,533736.0,412827.0,21285.0,967848.0
new hampshire,,,2008,,,,,,,,,,,384826.0,316534.0,9610.0,710970.0
new jersey,,,2008,,,,,,,,,,,2215422.0,1613207.0,9869.0,3838498.0
new mexico,,,2008,,,,,,,,,,,472422.0,346832.0,10904.0,830158.0
new york,,,2008,,,,,,,,,,,4769700.0,2742298.0,79235.0,7591233.0
north carolina,,,2008,,,,,,,,,,,2142651.0,2128474.0,39664.0,4310789.0
north dakota,,,2008,,,,,,,,,,,141278.0,168601.0,6742.0,316621.0
ohio,,,2008,,,,,,,,,,,2933388.0,2674491.0,90169.0,5698048.0
oklahoma,,,2008,,,,,,,,,,,502496.0,960165.0,0.0,1462661.0
oregon,,,2008,,,,,,,,,,,1037291.0,738475.0,52098.0,1827864.0
pennsylvania,,,2008,,,,,,,,,,,3266523.0,2649934.0,61524.0,5977981.0
rhode island,,,2008,,,,,,,,,,,296571.0,165391.0,9804.0,471766.0
south carolina,,,2008,,,,,,,,,,,862449.0,1034896.0,23624.0,1920969.0
south dakota,,,2008,,,,,,,,,,,170924.0,203054.0,3730.0,377708.0
tennessee,,,2008,,,,,,,,,,,1087437.0,1479178.0,33509.0,2600124.0
texas,,,2008,,,,,,,,,,,3528633.0,4479328.0,69834.0,8077795.0
utah,,,2008,,,,,,,,,,,327670.0,596030.0,28670.0,952370.0
vermont,,,2008,,,,,,,,,,,219262.0,98974.0,6810.0,325046.0
virginia,,,2008,,,,,,,,,,,1959532.0,1725005.0,38723.0,3660184.0
washington,,,2008,,,,,,,,,,,1750848.0,1229216.0,56814.0,3036878.0
west virginia,,,2008,,,,,,,,,,,303857.0,397466.0,12128.0,713451.0
wisconsin,,,2008,,,,,,,,,,,1677211.0,1262393.0,43813.0,2983417.0
wyoming,,,2008,,,,,,,,,,,82868.0,164958.0,8209.0,256035.0
alabama,,,2010,,,,,,,r,d,d,split,,,,
alaska,,,2010,,,,,,,r,d,r,split,,,,
arizona,,,2010,,,,,,,r,r,r,r,,,,
arkansas,,,2010,,,,,,,d,d,d,d,,,,
california,,,2010,,,,,,,r,d,d,split,,,,
colorado,,,2010,,,,,,,d,d,d,d,,,,
connecticut,,,2010,,,,,,,r,d,d,split,,,,
delaware,,,2010,,,,,,,d,d,d,d,,,,
florida,,,2010,,,,,,,i,r,r,split,,,,
georgia,,,2010,,,,,,,r,r,r,r,,,,
hawaii,,,2010,,,,,,,r,d,d,split,,,,
idaho,,,2010,,,,,,,r,r,r,r,,,,
illinois,,,2010,,,,,,,d,d,d,d,,,,
indiana,,,2010,,,,,,,r,r,d,split,,,,
iowa,,,2010,,,,,,,d,d,d,d,,,,
kansas,,,2010,,,,,,,d,r,r,split,,,,
kentucky,,,2010,,,,,,,d,r,d,split,,,,
louisiana,,,2010,,,,,,,r,d,d,split,,,,
maine,,,2010,,,,,,,d,d,d,d,,,,
maryland,,,2010,,,,,,,d,d,d,d,,,,
massachusetts,,,2010,,,,,,,d,d,d,d,,,,
michigan,,,2010,,,,,,,d,r,d,split,,,,
minnesota,,,2010,,,,,,,r,d,d,split,,,,
mississippi,,,2010,,,,,,,r,d,d,split,,,,
missouri,,,2010,,,,,,,d,r,r,split,,,,
montana,,,2010,,,,,,,d,r,s,split,,,,
nebraska,,,2010,,,,,,,r,-,-,-,,,,
nevada,,,2010,,,,,,,r,d,d,split,,,,
new hampshire,,,2010,,,,,,,d,d,d,d,,,,
new jersey,,,2010,,,,,,,r,d,d,split,,,,
new mexico,,,2010,,,,,,,d,d,d,d,,,,
new york,,,2010,,,,,,,d,d,d,d,,,,
north carolina,,,2010,,,,,,,d,d,d,d,,,,
north dakota,,,2010,,,,,,,r,r,r,r,,,,
ohio,,,2010,,,,,,,d,r,d,split,,,,
oklahoma,,,2010,,,,,,,d,r,r,split,,,,
oregon,,,2010,,,,,,,d,d,d,d,,,,
pennsylvania,,,2010,,,,,,,d,r,d,split,,,,
rhode island,,,2010,,,,,,,r,d,d,split,,,,
south carolina,,,2010,,,,,,,r,r,r,r,,,,
south dakota,,,2010,,,,,,,r,r,r,r,,,,
tennessee,,,2010,,,,,,,d,r,r,split,,,,
texas,,,2010,,,,,,,r,r,r,r,,,,
utah,,,2010,,,,,,,r,r,r,r,,,,
vermont,,,2010,,,,,,,r,d,d,split,,,,
virginia,,,2010,,,,,,,r,d,r,split,,,,
washington,,,2010,,,,,,,d,d,d,d,,,,
west virginia,,,2010,,,,,,,d,d,d,d,,,,
wisconsin,,,2010,,,,,,,d,d,d,d,,,,
wyoming,,,2010,,,,,,,d,r,r,split,,,,
alabama,,,2011,,,,,,,r,r,r,r,,,,
alaska,,,2011,,,,,,,r,d,r,split,,,,
arizona,,,2011,,,,,,,r,r,r,r,,,,
arkansas,,,2011,,,,,,,d,d,d,d,,,,
california,,,2011,,,,,,,d,d,d,d,,,,
colorado,,,2011,,,,,,,d,d,r,split,,,,
connecticut,,,2011,,,,,,,d,d,d,d,,,,
delaware,,,2011,,,,,,,d,d,d,d,,,,
florida,,,2011,,,,,,,r,r,r,r,,,,
georgia,,,2011,,,,,,,r,r,r,r,,,,
hawaii,,,2011,,,,,,,d,d,d,d,,,,
idaho,,,2011,,,,,,,r,r,r,r,,,,
illinois,,,2011,,,,,,,d,d,d,d,,,,
indiana,,,2011,,,,,,,r,r,r,r,,,,
iowa,,,2011,,,,,,,r,d,r,split,,,,
kansas,,,2011,,,,,,,r,r,r,r,,,,
kentucky,,,2011,,,,,,,d,r,d,split,,,,
louisiana,,,2011,,,,,,,r,r,r,r,,,,
maine,,,2011,,,,,,,r,r,r,r,,,,
maryland,,,2011,,,,,,,d,d,d,d,,,,
massachusetts,,,2011,,,,,,,d,d,d,d,,,,
michigan,,,2011,,,,,,,r,r,r,r,,,,
minnesota,,,2011,,,,,,,d,r,r,split,,,,
mississippi,,,2011,,,,,,,r,r,d,split,,,,
missouri,,,2011,,,,,,,d,r,r,split,,,,
montana,,,2011,,,,,,,d,r,r,split,,,,
nebraska,,,2011,,,,,,,r,-,-,-,,,,
nevada,,,2011,,,,,,,r,d,d,split,,,,
new hampshire,,,2011,,,,,,,d,r,r,split,,,,
new jersey,,,2011,,,,,,,r,d,d,split,,,,
new mexico,,,2011,,,,,,,r,d,d,split,,,,
new york,,,2011,,,,,,,d,r,d,split,,,,
north carolina,,,2011,,,,,,,d,r,r,split,,,,
north dakota,,,2011,,,,,,,r,r,r,r,,,,
ohio,,,2011,,,,,,,r,r,r,r,,,,
oklahoma,,,2011,,,,,,,r,r,r,r,,,,
oregon,,,2011,,,,,,,d,d,s,split,,,,
pennsylvania,,,2011,,,,,,,r,r,r,r,,,,
rhode island,,,2011,,,,,,,i,d,d,split,,,,
south carolina,,,2011,,,,,,,r,r,r,r,,,,
south dakota,,,2011,,,,,,,r,r,r,r,,,,
tennessee,,,2011,,,,,,,r,r,r,r,,,,
texas,,,2011,,,,,,,r,r,r,r,,,,
utah,,,2011,,,,,,,r,r,r,r,,,,
vermont,,,2011,,,,,,,d,d,d,d,,,,
virginia,,,2011,,,,,,,r,d,r,split,,,,
washington,,,2011,,,,,,,d,d,d,d,,,,
west virginia,,,2011,,,,,,,d,d,d,d,,,,
wisconsin,,,2011,,,,,,,r,r,r,r,,,,
wyoming,,,2011,,,,,,,r,r,r,r,,,,
alabama,,,2012,,,,,,,r,r,r,r,795696.0,1255925.0,18732.0,2070353.0
alaska,,,2012,,,,,,,r,d,r,split,122640.0,164676.0,13179.0,300495.0
arizona,,,2012,,,,,,,r,r,r,r,1025232.0,1233654.0,40368.0,2299254.0
arkansas,,,2012,,,,,,,d,d,d,d,394409.0,647744.0,27315.0,1069468.0
california,,,2012,,,,,,,d,d,d,d,7854285.0,4839958.0,344304.0,13038547.0
colorado,,,2012,,,,,,,d,d,r,split,1322998.0,1185050.0,61169.0,2569217.0
connecticut,,,2012,,,,,,,d,d,d,d,905083.0,634892.0,18828.0,1558803.0
delaware,,,2012,,,,,,,d,d,d,d,242584.0,165484.0,5869.0,413937.0
district of columbia,,,2012,,,,,,,,,,,267070.0,21381.0,5313.0,293764.0
florida,,,2012,,,,,,,r,r,r,r,4237756.0,4163447.0,72976.0,8474179.0
georgia,,,2012,,,,,,,r,r,r,r,1773827.0,2078688.0,47535.0,3900050.0
hawaii,,,2012,,,,,,,d,d,d,d,306266.0,120937.0,7018.0,434221.0
idaho,,,2012,,,,,,,r,r,r,r,212787.0,420911.0,18576.0,652274.0
illinois,,,2012,,,,,,,d,d,d,d,3019512.0,2135102.0,87277.0,5241891.0
indiana,,,2012,,,,,,,r,r,r,r,1152887.0,1420543.0,51104.0,2624534.0
iowa,,,2012,,,,,,,r,d,r,split,822544.0,730617.0,29019.0,1582180.0
kansas,,,2012,,,,,,,r,r,r,r,439908.0,689809.0,26537.0,1156254.0
kentucky,,,2012,,,,,,,d,r,d,split,679370.0,1087190.0,30652.0,1797212.0
louisiana,,,2012,,,,,,,r,r,r,r,809141.0,1152262.0,32662.0,1994065.0
maine,,,2012,,,,,,,r,r,r,r,401306.0,292276.0,19598.0,713180.0
maryland,,,2012,,,,,,,d,d,d,d,1677844.0,971869.0,57614.0,2707327.0
massachusetts,,,2012,,,,,,,d,d,d,d,1921290.0,1188314.0,58163.0,3167767.0
michigan,,,2012,,,,,,,r,r,r,r,2564569.0,2115256.0,51136.0,4730961.0
minnesota,,,2012,,,,,,,d,r,r,split,1546167.0,1320225.0,70169.0,2936561.0
mississippi,,,2012,,,,,,,r,r,r,r,562949.0,710746.0,11889.0,1285584.0
missouri,,,2012,,,,,,,d,r,r,split,1223796.0,1482440.0,51076.0,2757312.0
montana,,,2012,,,,,,,d,r,r,split,201839.0,267928.0,14165.0,483932.0
nebraska,,,2012,,,,,,,r,-,-,-,302081.0,475064.0,17234.0,794379.0
nevada,,,2012,,,,,,,r,d,d,split,531373.0,463567.0,19978.0,1014918.0
new hampshire,,,2012,,,,,,,d,r,r,split,369561.0,329918.0,11452.0,710931.0
new jersey,,,2012,,,,,,,r,d,d,split,2125101.0,1477568.0,37623.0,3640292.0
new mexico,,,2012,,,,,,,r,d,d,split,415335.0,335788.0,32635.0,783758.0
new york,,,2012,,,,,,,d,r,d,split,4324228.0,2223397.0,514300.0,7061925.0
north carolina,,,2012,,,,,,,d,r,r,split,2178391.0,2270395.0,56586.0,4505372.0
north dakota,,,2012,,,,,,,r,r,r,r,124966.0,188320.0,9646.0,322932.0
ohio,,,2012,,,,,,,r,r,r,r,2827621.0,2661407.0,91794.0,5580822.0
oklahoma,,,2012,,,,,,,r,r,r,r,443547.0,891325.0,0.0,1334872.0
oregon,,,2012,,,,,,,d,d,s,split,970488.0,754175.0,64607.0,1789270.0
pennsylvania,,,2012,,,,,,,r,r,r,r,2990274.0,2680434.0,71332.0,5742040.0
rhode island,,,2012,,,,,,,i,d,d,split,279677.0,157204.0,9171.0,446052.0
south carolina,,,2012,,,,,,,r,r,r,r,865941.0,1071645.0,26532.0,1964118.0
south dakota,,,2012,,,,,,,r,r,r,r,145039.0,210610.0,8166.0,363815.0
tennessee,,,2012,,,,,,,r,r,r,r,960709.0,1462330.0,35538.0,2458577.0
texas,,,2012,,,,,,,r,r,r,r,3308124.0,4569843.0,115884.0,7993851.0
utah,,,2012,,,,,,,r,r,r,r,251813.0,740600.0,25027.0,1017440.0
vermont,,,2012,,,,,,,d,d,d,d,199239.0,92698.0,7353.0,299290.0
virginia,,,2012,,,,,,,r,r,r,r,1971820.0,1822522.0,60147.0,3791770.0
washington,,,2012,,,,,,,d,d,d,d,1755396.0,1290670.0,79450.0,3125516.0
west virginia,,,2012,,,,,,,d,d,d,d,238269.0,417655.0,14516.0,670440.0
wisconsin,,,2012,,,,,,,r,r,r,r,1620985.0,1410966.0,39483.0,3071434.0
wyoming,,,2012,,,,,,,r,r,r,r,69286.0,170962.0,8813.0,249061.0
alabama,,,2013,,,,,,,r,r,r,r,,,,
alaska,,,2013,,,,,,,r,r,r,r,,,,
arizona,,,2013,,,,,,,r,r,r,r,,,,
arkansas,,,2013,,,,,,,d,r,r,split,,,,
california,,,2013,,,,,,,d,d,d,d,,,,
colorado,,,2013,,,,,,,d,d,d,d,,,,
connecticut,,,2013,,,,,,,d,d,d,d,,,,
delaware,,,2013,,,,,,,d,d,d,d,,,,
florida,,,2013,,,,,,,r,r,r,r,,,,
georgia,,,2013,,,,,,,r,r,r,r,,,,
hawaii,,,2013,,,,,,,d,d,d,d,,,,
idaho,,,2013,,,,,,,r,r,r,r,,,,
illinois,,,2013,,,,,,,d,d,d,d,,,,
indiana,,,2013,,,,,,,r,r,r,r,,,,
iowa,,,2013,,,,,,,r,d,r,split,,,,
kansas,,,2013,,,,,,,r,r,r,r,,,,
kentucky,,,2013,,,,,,,d,r,d,split,,,,
louisiana,,,2013,,,,,,,r,r,r,r,,,,
maine,,,2013,,,,,,,r,d,d,split,,,,
maryland,,,2013,,,,,,,d,d,d,d,,,,
massachusetts,,,2013,,,,,,,d,d,d,d,,,,
michigan,,,2013,,,,,,,r,r,r,r,,,,
minnesota,,,2013,,,,,,,d,d,d,d,,,,
mississippi,,,2013,,,,,,,r,r,r,r,,,,
missouri,,,2013,,,,,,,d,r,r,split,,,,
montana,,,2013,,,,,,,d,r,r,split,,,,
nebraska,,,2013,,,,,,,r,-,-,-,,,,
nevada,,,2013,,,,,,,r,d,d,split,,,,
new hampshire,,,2013,,,,,,,d,r,d,split,,,,
new jersey,,,2013,,,,,,,r,d,d,split,,,,
new mexico,,,2013,,,,,,,r,d,d,split,,,,
new york,,,2013,,,,,,,d,r,d,split,,,,
north carolina,,,2013,,,,,,,r,r,r,r,,,,
north dakota,,,2013,,,,,,,r,r,r,r,,,,
ohio,,,2013,,,,,,,r,r,r,r,,,,
oklahoma,,,2013,,,,,,,r,r,r,r,,,,
oregon,,,2013,,,,,,,d,d,d,d,,,,
pennsylvania,,,2013,,,,,,,r,r,r,r,,,,
rhode island,,,2013,,,,,,,d,d,d,d,,,,
south carolina,,,2013,,,,,,,r,r,r,r,,,,
south dakota,,,2013,,,,,,,r,r,r,r,,,,
tennessee,,,2013,,,,,,,r,r,r,r,,,,
texas,,,2013,,,,,,,r,r,r,r,,,,
utah,,,2013,,,,,,,r,r,r,r,,,,
vermont,,,2013,,,,,,,d,d,d,d,,,,
virginia,,,2013,,,,,,,r,r,r,r,,,,
washington,,,2013,,,,,,,d,r,d,split,,,,
west virginia,,,2013,,,,,,,d,d,d,d,,,,
wisconsin,,,2013,,,,,,,r,r,r,r,,,,
wyoming,,,2013,,,,,,,r,r,r,r,,,,
alabama,,,2014,,,,,,,r,r,r,r,,,,
alaska,,,2014,,,,,,,r,r,r,r,,,,
arizona,,,2014,,,,,,,r,r,r,r,,,,
arkansas,,,2014,,,,,,,d,r,r,split,,,,
california,,,2014,,,,,,,d,d,d,d,,,,
colorado,,,2014,,,,,,,d,d,d,d,,,,
connecticut,,,2014,,,,,,,d,d,d,d,,,,
delaware,,,2014,,,,,,,d,d,d,d,,,,
florida,,,2014,,,,,,,r,r,r,r,,,,
georgia,,,2014,,,,,,,r,r,r,r,,,,
hawaii,,,2014,,,,,,,d,d,d,d,,,,
idaho,,,2014,,,,,,,r,r,r,r,,,,
illinois,,,2014,,,,,,,d,d,d,d,,,,
indiana,,,2014,,,,,,,r,r,r,r,,,,
iowa,,,2014,,,,,,,r,d,r,split,,,,
kansas,,,2014,,,,,,,r,r,r,r,,,,
kentucky,,,2014,,,,,,,d,r,d,split,,,,
louisiana,,,2014,,,,,,,r,r,r,r,,,,
maine,,,2014,,,,,,,r,d,d,split,,,,
maryland,,,2014,,,,,,,d,d,d,d,,,,
massachusetts,,,2014,,,,,,,d,d,d,d,,,,
michigan,,,2014,,,,,,,r,r,r,r,,,,
minnesota,,,2014,,,,,,,d,d,d,d,,,,
mississippi,,,2014,,,,,,,r,r,r,r,,,,
missouri,,,2014,,,,,,,d,r,r,split,,,,
montana,,,2014,,,,,,,d,r,r,split,,,,
nebraska,,,2014,,,,,,,r,-,-,-,,,,
nevada,,,2014,,,,,,,r,d,d,split,,,,
new hampshire,,,2014,,,,,,,d,r,d,split,,,,
new jersey,,,2014,,,,,,,r,d,d,split,,,,
new mexico,,,2014,,,,,,,r,d,d,split,,,,
new york,,,2014,,,,,,,d,r,d,split,,,,
north carolina,,,2014,,,,,,,r,r,r,r,,,,
north dakota,,,2014,,,,,,,r,r,r,r,,,,
ohio,,,2014,,,,,,,r,r,r,r,,,,
oklahoma,,,2014,,,,,,,r,r,r,r,,,,
oregon,,,2014,,,,,,,d,d,d,d,,,,
pennsylvania,,,2014,,,,,,,r,r,r,r,,,,
rhode island,,,2014,,,,,,,d,d,d,d,,,,
south carolina,,,2014,,,,,,,r,r,r,r,,,,
south dakota,,,2014,,,,,,,r,r,r,r,,,,
tennessee,,,2014,,,,,,,r,r,r,r,,,,
texas,,,2014,,,,,,,r,r,r,r,,,,
utah,,,2014,,,,,,,r,r,r,r,,,,
vermont,,,2014,,,,,,,d,d,d,d,,,,
virginia,,,2014,,,,,,,d,d,r,split,,,,
washington,,,2014,,,,,,,d,r,d,split,,,,
west virginia,,,2014,,,,,,,d,d,d,d,,,,
wisconsin,,,2014,,,,,,,r,r,r,r,,,,
wyoming,,,2014,,,,,,,r,r,r,r,,,,
alabama,,,2015,,,,,,,r,r,r,r,,,,
alaska,,,2015,,,,,,,i,r,r,split,,,,
arizona,,,2015,,,,,,,r,r,r,r,,,,
arkansas,,,2015,,,,,,,r,r,r,r,,,,
california,,,2015,,,,,,,d,d,d,d,,,,
colorado,,,2015,,,,,,,d,r,d,split,,,,
connecticut,,,2015,,,,,,,d,d,d,d,,,,
delaware,,,2015,,,,,,,d,d,d,d,,,,
florida,,,2015,,,,,,,r,r,r,r,,,,
georgia,,,2015,,,,,,,r,r,r,r,,,,
hawaii,,,2015,,,,,,,d,d,d,d,,,,
idaho,,,2015,,,,,,,r,r,r,r,,,,
illinois,,,2015,,,,,,,r,d,d,split,,,,
indiana,,,2015,,,,,,,r,r,r,r,,,,
iowa,,,2015,,,,,,,r,d,r,split,,,,
kansas,,,2015,,,,,,,r,r,r,r,,,,
kentucky,,,2015,,,,,,,d,r,d,split,,,,
louisiana,,,2015,,,,,,,r,r,r,r,,,,
maine,,,2015,,,,,,,r,r,d,split,,,,
maryland,,,2015,,,,,,,r,d,d,split,,,,
massachusetts,,,2015,,,,,,,r,d,d,split,,,,
michigan,,,2015,,,,,,,r,r,r,r,,,,
minnesota,,,2015,,,,,,,d,d,r,split,,,,
mississippi,,,2015,,,,,,,r,r,r,r,,,,
missouri,,,2015,,,,,,,d,r,r,split,,,,
montana,,,2015,,,,,,,d,r,r,split,,,,
nebraska,,,2015,,,,,,,r,-,-,-,,,,
nevada,,,2015,,,,,,,r,r,r,r,,,,
new hampshire,,,2015,,,,,,,d,r,r,split,,,,
new jersey,,,2015,,,,,,,r,d,d,split,,,,
new mexico,,,2015,,,,,,,r,d,r,split,,,,
new york,,,2015,,,,,,,d,r,d,split,,,,
north carolina,,,2015,,,,,,,r,r,r,r,,,,
north dakota,,,2015,,,,,,,r,r,r,r,,,,
ohio,,,2015,,,,,,,r,r,r,r,,,,
oklahoma,,,2015,,,,,,,r,r,r,r,,,,
oregon,,,2015,,,,,,,d,d,d,d,,,,
pennsylvania,,,2015,,,,,,,d,r,r,split,,,,
rhode island,,,2015,,,,,,,d,d,d,d,,,,
south carolina,,,2015,,,,,,,r,r,r,r,,,,
south dakota,,,2015,,,,,,,r,r,r,r,,,,
tennessee,,,2015,,,,,,,r,r,r,r,,,,
texas,,,2015,,,,,,,r,r,r,r,,,,
utah,,,2015,,,,,,,r,r,r,r,,,,
vermont,,,2015,,,,,,,d,d,d,d,,,,
virginia,,,2015,,,,,,,d,r,r,split,,,,
washington,,,2015,,,,,,,d,r,d,split,,,,
west virginia,,,2015,,,,,,,d,r,r,split,,,,
wisconsin,,,2015,,,,,,,r,r,r,r,,,,
wyoming,,,2015,,,,,,,r,r,r,r,,,,
alabama,"29,856",0.5047421007,2016,,,,,,,r,r,r,r,729547.0,1318250.0,75570.0,2123367.0
alaska,"4,418",0.39414756,2016,,,,,,,i,r,r,split,116454.0,163387.0,38557.0,318398.0
arizona,"44,242",0.523450071,2016,,,,,,,r,r,r,r,1161167.0,1252401.0,190709.0,2604277.0
arkansas,"15,090",0.3942624236,2016,,,,,,,r,r,r,r,380494.0,684872.0,64530.0,1129896.0
california,"212,090",0.4338753792,2016,,,,,,,d,d,d,d,8753788.0,4483810.0,943997.0,14181595.0
colorado,"26,034",0.3908246138,2016,,,,,,,d,r,d,split,1338870.0,1202484.0,238866.0,2780220.0
connecticut,"13,628",0.3783978898,2016,,,,,,,d,d,d,d,897572.0,673215.0,76749.0,1647536.0
delaware,"4,939",0.4493267831,2016,,,,,,,d,d,d,d,235603.0,185127.0,22267.0,442997.0
district of columbia,"3,776",0.383039156,2016,,,,,,,,,,,282830.0,12723.0,15715.0,311268.0
florida,"108,955",0.4841971007,2016,,,,,,,r,r,r,r,4504975.0,4617886.0,297178.0,9420039.0
georgia,"60,512",0.4653265868,2016,,,,,,,r,r,r,r,1877963.0,2089104.0,147644.0,4114711.0
hawaii,"4,560",0.2525056758,2016,,,,,,,d,d,d,d,266891.0,128847.0,33199.0,428937.0
idaho,"8,301",0.3692287163,2016,,,,,,,r,r,r,r,189765.0,409055.0,91613.0,690433.0
illinois,"59,809",0.387251125,2016,,,,,,,r,d,d,split,3090729.0,2146015.0,321963.0,5558707.0
indiana,"34,638",0.4168682529,2016,,,,,,,r,r,r,r,1033126.0,1557286.0,144546.0,2734958.0
iowa,"14,899",0.3781184174,2016,,,,,,,r,d,r,split,653669.0,800983.0,111379.0,1566031.0
kansas,"11,918",0.3131947547,2016,,,,,,,r,r,r,r,427005.0,671018.0,86380.0,1184403.0
kentucky,"25,559",0.4609460946,2016,,,,,,,r,r,d,split,628854.0,1202971.0,92324.0,1924149.0
louisiana,"39,192",0.6203425243,2016,,,,,,,d,r,r,split,780154.0,1178638.0,70240.0,2029032.0
maine,"5,018",0.3949626131,2016,,,,,,,r,r,d,split,357735.0,335593.0,54599.0,747927.0
maryland,"27,917",0.38171352,2016,,,,,,,r,d,d,split,1677928.0,943169.0,160349.0,2781446.0
massachusetts,"17,841",0.2501647574,2016,,,,,,,r,d,d,split,1995196.0,1090893.0,188466.0,3274555.0
michigan,"48,052",0.4240568327,2016,,,,,,,r,r,r,r,2268839.0,2279543.0,250902.0,4799284.0
minnesota,"21,769",0.312104833,2016,,,,,,,d,d,r,split,1367716.0,1322951.0,254146.0,2944813.0
mississippi,"23,356",0.6157983548,2016,,,,,,,r,r,r,r,485131.0,700714.0,23512.0,1209357.0
missouri,"28,830",0.3859179439,2016,,,,,,,d,r,r,split,1071068.0,1594511.0,141802.0,2807381.0
montana,"4,914",0.400097704,2016,,,,,,,d,r,r,split,177709.0,279240.0,40198.0,497147.0
nebraska,"8,226",0.3093760578,2016,,,,,,,r,-,-,-,284494.0,495961.0,63772.0,844227.0
nevada,"15,774",0.4350248207,2016,,,,,,,r,r,r,r,539260.0,512058.0,74067.0,1125385.0
new hampshire,"3,003",0.2448031303,2016,,,,,,,d,r,r,split,348526.0,345790.0,49980.0,744296.0
new jersey,"31,934",0.3111050493,2016,,,,,,,r,d,d,split,2148278.0,1601933.0,123835.0,3874046.0
new mexico,"13,789",0.5584399806,2016,,,,,,,r,d,r,split,385234.0,319667.0,93418.0,798319.0
new york,"112,185",0.4788439622,2016,,,,,,,d,r,d,split,4547562.0,2814589.0,345212.0,7707363.0
north carolina,"51,155",0.4235421721,2016,,,,,,,r,r,r,r,2189316.0,2362631.0,189617.0,4741564.0
north dakota,"2,757",0.2422032856,2016,,,,,,,r,r,r,r,93758.0,216794.0,33808.0,344360.0
ohio,"57,643",0.4174457762,2016,,,,,,,r,r,r,r,2394164.0,2841005.0,261318.0,5496487.0
oklahoma,"27,643",0.5256122604,2016,,,,,,,r,r,r,r,420375.0,949136.0,83481.0,1452992.0
oregon,"20,162",0.4427802789,2016,,,,,,,d,d,d,d,1002106.0,782403.0,216827.0,2001336.0
pennsylvania,"44,315",0.3178776119,2016,,,,,,,d,r,r,split,2926441.0,2970733.0,218228.0,6115402.0
rhode island,"5,275",0.4885163919,2016,,,,,,,d,d,d,d,252525.0,180543.0,31076.0,464144.0
south carolina,"28,534",0.4976108263,2016,,,,,,,r,r,r,r,855373.0,1155389.0,92265.0,2103027.0
south dakota,"3,811",0.3104684318,2016,,,,,,,r,r,r,r,117458.0,227721.0,24914.0,370093.0
tennessee,"40,067",0.4958357568,2016,,,,,,,r,r,r,r,870695.0,1522925.0,114407.0,2508027.0
texas,"185,849",0.4669021497,2016,,,,,,,r,r,r,r,3877868.0,4685047.0,406311.0,8969226.0
utah,"12,507",0.2478400444,2016,,,,,,,r,r,r,r,310676.0,515231.0,305523.0,1131430.0
vermont,"2,483",0.4313759555,2016,,,,,,,d,d,d,d,178573.0,95369.0,41135.0,315077.0
virginia,"31,107",0.3036014054,2016,,,,,,,d,r,r,split,1981473.0,1769443.0,233715.0,3925404.0
washington,"36,212",0.4001104911,2016,,,,,,,d,r,d,split,1742718.0,1221747.0,244749.0,3209214.0
west virginia,"9,328",0.4889145133,2016,,,,,,,d,r,r,split,188794.0,489371.0,34886.0,713051.0
wisconsin,"23,994",0.3601891466,2016,,,,,,,r,r,r,r,1381823.0,1404440.0,189490.0,2975753.0
wyoming,"2,399",0.3248036826,2016,,,,,,,r,r,r,r,55973.0,174419.0,25457.0,255849.0
alabama,"29,120",0.4940533754,2017,,,,,,,r,r,r,r,,,,
alaska,"4,026",0.3854475826,2017,,,,,,,i,r,d,split,,,,
arizona,"43,517",0.5315248192,2017,,,,,,,r,r,r,r,,,,
arkansas,"16,921",0.4509861407,2017,,,,,,,r,r,r,r,,,,
california,"202,943",0.4302757506,2017,,,,,,,d,d,d,d,,,,
colorado,"25,261",0.392361219,2017,,,,,,,d,r,d,split,,,,
connecticut,"13,058",0.3707447262,2017,,,,,,,d,d,d,d,,,,
delaware,"4,855",0.4472593275,2017,,,,,,,d,d,d,d,,,,
district of columbia,"4,155",0.434623431,2017,,,,,,,,,,,,,,
florida,"109,078",0.4877610339,2017,,,,,,,r,r,r,r,,,,
georgia,"59,425",0.4597927934,2017,,,,,,,r,r,r,r,,,,
hawaii,"5,490",0.3134098305,2017,,,,,,,d,d,d,d,,,,
idaho,"8,196",0.3695054326,2017,,,,,,,r,r,r,r,,,,
illinois,"60,852",0.4073365018,2017,,,,,,,r,d,d,split,,,,
indiana,"33,693",0.4100401606,2017,,,,,,,r,r,r,r,,,,
iowa,"15,381",0.400234192,2017,,,,,,,r,r,r,r,,,,
kansas,"11,466",0.313973548,2017,,,,,,,r,r,r,r,,,,
kentucky,"26,158",0.4777542373,2017,,,,,,,r,r,r,r,,,,
louisiana,"38,340",0.6283391786,2017,,,,,,,d,r,r,split,,,,
maine,"4,804",0.3906326232,2017,,,,,,,r,r,d,split,,,,
maryland,"28,631",0.3996454544,2017,,,,,,,r,d,d,split,,,,
massachusetts,"19,652",0.2779553619,2017,,,,,,,r,d,d,split,,,,
michigan,"46,989",0.4217058855,2017,,,,,,,r,r,r,r,,,,
minnesota,"21,871",0.3188424812,2017,,,,,,,d,r,r,split,,,,
mississippi,"23,339",0.6247557352,2017,,,,,,,r,r,r,r,,,,
missouri,"27,919",0.3822740094,2017,,,,,,,r,r,r,r,,,,
montana,"4,864",0.4122383253,2017,,,,,,,d,r,r,split,,,,
nebraska,"8,822",0.3416598892,2017,,,,,,,r,-,-,-,,,,
nevada,"16,834",0.4708021031,2017,,,,,,,r,d,d,split,,,,
new hampshire,"3,091",0.2551172004,2017,,,,,,,r,r,r,r,,,,
new jersey,"31,194",0.3080888889,2017,,,,,,,r,d,d,split,,,,
new mexico,"13,350",0.5617032019,2017,,,,,,,r,d,d,split,,,,
new york,"110,653",0.4816507572,2017,,,,,,,d,r,d,split,,,,
north carolina,"51,686",0.4302684703,2017,,,,,,,d,r,r,split,,,,
north dakota,"2,677",0.2493247648,2017,,,,,,,r,r,r,r,,,,
ohio,"57,120",0.4174462114,2017,,,,,,,r,r,r,r,,,,
oklahoma,"25,959",0.5169673796,2017,,,,,,,r,r,r,r,,,,
oregon,"19,639",0.4501157434,2017,,,,,,,d,d,d,d,,,,
pennsylvania,"45,537",0.3305891321,2017,,,,,,,d,r,r,split,,,,
rhode island,"5,146",0.4837375447,2017,,,,,,,d,d,d,d,,,,
south carolina,"28,253",0.4954146136,2017,,,,,,,r,r,r,r,,,,
south dakota,"3,871",0.3190209329,2017,,,,,,,r,r,r,r,,,,
tennessee,"39,045",0.4819418386,2017,,,,,,,r,r,r,r,,,,
texas,"180,969",0.4736788378,2017,,,,,,,r,r,r,r,,,,
utah,"12,222",0.2515591232,2017,,,,,,,r,r,r,r,,,,
vermont,"2,421",0.4281167109,2017,,,,,,,r,d,d,split,,,,
virginia,"30,247",0.3012919485,2017,,,,,,,d,r,r,split,,,,
washington,"34,135",0.3898380576,2017,,,,,,,d,r,d,split,,,,
west virginia,"9,261",0.4959036145,2017,,,,,,,d,r,r,split,,,,
wisconsin,"23,500",0.3616775683,2017,,,,,,,r,r,r,r,,,,
wyoming,"2,197",0.31826742,2017,,,,,,,r,r,r,r,,,,
alabama,"28,434",0.4922698707,2018,,,,,,,r,r,r,r,,,,
alaska,"3,901",0.3867737458,2018,,,,,,,i,r,d,split,,,,
arizona,"40,620",0.5032023091,2018,,,,,,,r,r,r,r,,,,
arkansas,"17,094",0.4617753525,2018,,,,,,,r,r,r,r,,,,
california,"189,747",0.4170997098,2018,,,,,,,d,d,d,d,,,,
colorado,"24,320",0.3867376958,2018,,,,,,,d,r,d,split,,,,
connecticut,"12,912",0.3718358531,2018,,,,,,,d,d,d,d,,,,
delaware,"4,718",0.4442142924,2018,,,,,,,d,d,d,d,,,,
district of columbia,"3,902",0.4235779418,2018,,,,,,,,,,,,,,
florida,"106,507",0.4807530852,2018,,,,,,,r,r,r,r,,,,
georgia,"58,835",0.4663078972,2018,,,,,,,r,r,r,r,,,,
hawaii,"5,762",0.3395003535,2018,,,,,,,d,d,d,d,,,,
idaho,"7,490",0.3499509415,2018,,,,,,,r,r,r,r,,,,
illinois,"56,510",0.3902220074,2018,,,,,,,r,d,d,split,,,,
indiana,"31,973",0.3916052225,2018,,,,,,,r,r,r,r,,,,
iowa,"14,983",0.3965330157,2018,,,,,,,r,r,r,r,,,,
kansas,"11,328",0.312401754,2018,,,,,,,r,r,r,r,,,,
kentucky,"25,756",0.477652906,2018,,,,,,,r,r,r,r,,,,
louisiana,"37,237",0.624624675,2018,,,,,,,d,r,r,split,,,,
maine,"4,836",0.3928194298,2018,,,,,,,r,r,d,split,,,,
maryland,"28,419",0.3998171075,2018,,,,,,,r,d,d,split,,,,
massachusetts,"20,653",0.2988467493,2018,,,,,,,r,d,d,split,,,,
michigan,"44,633",0.4056365421,2018,,,,,,,r,r,r,r,,,,
minnesota,"21,933",0.3256860299,2018,,,,,,,d,r,r,split,,,,
mississippi,"22,730",0.6143243243,2018,,,,,,,r,r,r,r,,,,
missouri,"28,529",0.3893734049,2018,,,,,,,r,r,r,r,,,,
montana,"4,788",0.4158777035,2018,,,,,,,d,r,r,split,,,,
nebraska,"8,777",0.3443581293,2018,,,,,,,r,-,-,-,,,,
nevada,"16,365",0.4586346057,2018,,,,,,,r,d,d,split,,,,
new hampshire,"2,950",0.2459358066,2018,,,,,,,r,r,r,r,,,,
new jersey,"30,965",0.3059087362,2018,,,,,,,d,d,d,d,,,,
new mexico,"12,242",0.531359868,2018,,,,,,,r,d,d,split,,,,
new york,"108,831",0.4810465085,2018,,,,,,,d,r,d,split,,,,
north carolina,"50,123",0.4213645611,2018,,,,,,,d,r,r,split,,,,
north dakota,"2,497",0.23476871,2018,,,,,,,r,r,r,r,,,,
ohio,"54,053",0.39999556,2018,,,,,,,r,r,r,r,,,,
oklahoma,"25,550",0.5130522088,2018,,,,,,,r,r,r,r,,,,
oregon,"18,515",0.4388688727,2018,,,,,,,d,d,d,d,,,,
pennsylvania,"45,570",0.3358811259,2018,,,,,,,d,r,r,split,,,,
rhode island,"5,226",0.49743004,2018,,,,,,,d,d,d,d,,,,
south carolina,"27,681",0.4884681219,2018,,,,,,,r,r,r,r,,,,
south dakota,"3,516",0.2956360885,2018,,,,,,,r,r,r,r,,,,
tennessee,"37,944",0.4698889178,2018,,,,,,,r,r,r,r,,,,
texas,"176,219",0.4654195191,2018,,,,,,,r,r,r,r,,,,
utah,"11,184",0.2369039802,2018,,,,,,,r,r,r,r,,,,
vermont,"2,271",0.418078056,2018,,,,,,,r,d,d,split,,,,
virginia,"29,927",0.2997405927,2018,,,,,,,d,r,r,split,,,,
washington,"32,999",0.3833304292,2018,,,,,,,d,d,d,d,,,,
west virginia,"8,628",0.4728189391,2018,,,,,,,r,r,r,r,,,,
wisconsin,"23,115",0.3606196761,2018,,,,,,,r,r,r,r,,,,
wyoming,"2,065",0.3146906431,2018,,,,,,,r,r,r,r,,,,
alabama,"29,135",0.4970570673,2019,,,,,,,r,r,r,r,,,,
alaska,"3,759",0.3827122786,2019,,,,,,,r,r,s,split,,,,
arizona,"38,848",0.489423622,2019,,,,,,,r,r,r,r,,,,
arkansas,"16,594",0.4538343726,2019,,,,,,,r,r,r,r,,,,
california,"178,954",0.4008116843,2019,,,,,,,d,d,d,d,,,,
colorado,"23,433",0.3727274173,2019,,,,,,,d,d,d,d,,,,
connecticut,"12,736",0.3717671785,2019,,,,,,,d,d,d,d,,,,
delaware,"4,557",0.4314523764,2019,,,,,,,d,d,d,d,,,,
district of columbia,"4,232",0.4661306311,2019,,,,,,,,,,,,,,
florida,"102,581",0.4662730339,2019,,,,,,,r,r,r,r,,,,
georgia,"58,541",0.4632471057,2019,,,,,,,r,r,r,r,,,,
hawaii,"5,734",0.3413704828,2019,,,,,,,d,d,d,d,,,,
idaho,"7,547",0.3420659022,2019,,,,,,,r,r,r,r,,,,
illinois,"53,464",0.3815368806,2019,,,,,,,d,d,d,d,,,,
indiana,"31,131",0.3850035247,2019,,,,,,,r,r,r,r,,,,
iowa,"14,202",0.3772211745,2019,,,,,,,r,r,r,r,,,,
kansas,"10,486",0.2962565334,2019,,,,,,,d,r,r,split,,,,
kentucky,"25,456",0.4796774011,2019,,,,,,,r,r,r,r,,,,
louisiana,"35,632",0.6045367401,2019,,,,,,,d,r,r,split,,,,
maine,"4,383",0.372102895,2019,,,,,,,d,d,d,d,,,,
maryland,"28,191",0.4017070877,2019,,,,,,,r,d,d,split,,,,
massachusetts,"21,048",0.3045271062,2019,,,,,,,r,d,d,split,,,,
michigan,"44,044",0.4082457409,2019,,,,,,,d,r,r,split,,,,
minnesota,"21,477",0.3252760234,2019,,,,,,,d,r,d,split,,,,
mississippi,"22,437",0.6124303963,2019,,,,,,,r,r,r,r,,,,
missouri,"27,496",0.3812164654,2019,,,,,,,r,r,r,r,,,,
montana,"4,552",0.4108674068,2019,,,,,,,d,r,r,split,,,,
nebraska,"8,506",0.3436073521,2019,,,,,,,r,-,-,-,,,,
nevada,"15,104",0.4306569343,2019,,,,,,,d,d,d,d,,,,
new hampshire,"2,821",0.2382802602,2019,,,,,,,r,d,d,split,,,,
new jersey,"29,847",0.2997138123,2019,,,,,,,d,d,d,d,,,,
new mexico,"12,387",0.5395034843,2019,,,,,,,d,d,d,d,,,,
new york,"104,386",0.4711856603,2019,,,,,,,d,d,d,d,,,,
north carolina,"49,201",0.414411455,2019,,,,,,,d,r,r,split,,,,
north dakota,"2,420",0.2314903386,2019,,,,,,,r,r,r,r,,,,
ohio,"54,890",0.4082224586,2019,,,,,,,r,r,r,r,,,,
oklahoma,"24,896",0.5066031785,2019,,,,,,,r,r,r,r,,,,
oregon,"18,074",0.4317932056,2019,,,,,,,d,d,d,d,,,,
pennsylvania,"45,378",0.3380615362,2019,,,,,,,d,r,r,split,,,,
rhode island,"4,990",0.4904176904,2019,,,,,,,d,d,d,d,,,,
south carolina,"27,559",0.4831691153,2019,,,,,,,r,r,r,r,,,,
south dakota,"3,271",0.285701808,2019,,,,,,,r,r,r,r,,,,
tennessee,"39,136",0.486463642,2019,,,,,,,r,r,r,r,,,,
texas,"187,054",0.4953773712,2019,,,,,,,r,r,r,r,,,,
utah,"10,420",0.2225259471,2019,,,,,,,r,r,r,r,,,,
vermont,"2,168",0.4044021638,2019,,,,,,,r,d,d,split,,,,
virginia,"29,809",0.3059561322,2019,,,,,,,d,r,r,split,,,,
washington,"31,852",0.3751928853,2019,,,,,,,d,d,d,d,,,,
west virginia,"8,659",0.4774481694,2019,,,,,,,r,r,r,r,,,,
wisconsin,"22,295",0.3523786945,2019,,,,,,,d,r,r,split,,,,
wyoming,"1,958",0.2982482864,2019,,,,,,,r,r,r,r,,,,
alabama,"28,920",0.5016739813,2020,,,,,,,r,r,r,r,,,,
alaska,"3,674",0.388002957,2020,,,,,,,r,r,s,split,,,,
arizona,"36,750",0.4776014659,2020,,,,,,,r,r,r,r,1672143.0,1661686.0,51465.0,10155882.0
arkansas,"15,352",0.4355053757,2020,,,,,,,r,r,r,r,423932.0,760647.0,34490.0,4876276.0
california,"167,437",0.3984138353,2020,,,,,,,d,d,d,d,,,,
colorado,"22,086",0.3591569909,2020,,,,,,,d,d,d,d,,,,
connecticut,"12,263",0.3664973102,2020,,,,,,,d,d,d,d,,,,
delaware,"4,219",0.4059853734,2020,,,,,,,d,d,d,d,,,,
district of columbia,"4,013",0.4522199684,2020,,,,,,,,,,,,,,
florida,"97,732",0.466120732,2020,,,,,,,r,r,r,r,,,,
georgia,"57,730",0.4713691997,2020,,,,,,,r,r,r,r,2474507.0,2461837.0,62138.0,19993928.0
hawaii,"5,501",0.348495407,2020,,,,,,,d,d,d,d,,,,
idaho,"7,574",0.351739191,2020,,,,,,,r,r,r,r,,,,
illinois,"51,681",0.3877102432,2020,,,,,,,d,d,d,d,,,,
indiana,"30,231",0.3845400427,2020,,,,,,,r,r,r,r,,,,
iowa,"13,892",0.3846707648,2020,,,,,,,r,r,r,r,759061.0,902009.0,29801.0,3381742.0
kansas,"10,689",0.3109436816,2020,,,,,,,d,r,r,split,,,,
kentucky,"24,839",0.4807424325,2020,,,,,,,d,r,r,split,772285.0,1326418.0,36293.0,2134996.0
louisiana,"35,197",0.6139582752,2020,,,,,,,d,r,r,split,,,,
maine,"4,458",0.3863419707,2020,,,,,,,d,d,d,d,,,,
maryland,"26,939",0.3929602941,2020,,,,,,,r,d,d,split,1985023.0,976414.0,75594.0,15185155.0
massachusetts,"20,668",0.3111338592,2020,,,,,,,r,d,d,split,,,,
michigan,"41,101",0.3949209217,2020,,,,,,,d,r,r,split,,,,
minnesota,"20,489",0.3229513106,2020,,,,,,,d,r,d,split,,,,
mississippi,"21,303",0.6005412567,2020,,,,,,,r,r,r,r,,,,
missouri,"27,011",0.3898535036,2020,,,,,,,r,r,r,r,,,,
montana,"4,140",0.3836530442,2020,,,,,,,d,r,r,split,,,,
nebraska,"8,463",0.3484006422,2020,,,,,,,r,-,-,-,,,,
nevada,"14,950",0.4442397409,2020,,,,,,,d,d,d,d,,,,
new hampshire,"2,849",0.2416249682,2020,,,,,,,r,d,d,split,,,,
new jersey,"27,711",0.282898095,2020,,,,,,,d,d,d,d,,,,
new mexico,"11,908",0.5436698169,2020,,,,,,,d,d,d,d,,,,
new york,"96,111",0.4591187458,2020,,,,,,,d,d,d,d,,,,
north carolina,"47,634",0.4080699049,2020,,,,,,,d,r,r,split,2684292.0,2758773.0,81737.0,22099208.0
north dakota,"2,440",0.2425688438,2020,,,,,,,r,r,r,r,,,,
ohio,"53,209",0.4118630555,2020,,,,,,,r,r,r,r,,,,
oklahoma,"24,198",0.5081158264,2020,,,,,,,r,r,r,r,503890.0,1020280.0,36529.0,4682097.0
oregon,"16,991",0.4266951281,2020,,,,,,,d,d,d,d,,,,
pennsylvania,"43,963",0.336383739,2020,,,,,,,d,r,r,split,,,,
rhode island,"4,883",0.4834174834,2020,,,,,,,d,d,d,d,,,,
south carolina,"26,844",0.4819043516,2020,,,,,,,r,r,r,r,1091541.0,1385103.0,36685.0,15079974.0
south dakota,"3,183",0.290419708,2020,,,,,,,r,r,r,r,,,,
tennessee,"38,287",0.4865610187,2020,,,,,,,r,r,r,r,,,,
texas,"183,057",0.4971808034,2020,,,,,,,r,r,r,r,,,,
utah,"10,046",0.2198153254,2020,,,,,,,r,r,r,r,289906.0,230174.0,26501.0,4486062.0
vermont,"2,048",0.3989869472,2020,,,,,,,r,d,d,split,,,,
virginia,"30,086",0.3175336943,2020,,,,,,,d,d,d,d,2413568.0,1962430.0,86602.0,13386199.0
washington,"30,379",0.3656331993,2020,,,,,,,d,d,d,d,,,,
west virginia,"8,301",0.4791895168,2020,,,,,,,r,r,r,r,,,,
wisconsin,"21,628",0.3569330297,2020,,,,,,,d,r,r,split,,,,
wyoming,"1,831",0.2987924282,2020,,,,,,,r,r,r,r,,,,
alabama,"27,785",0.4786061253,2021,,,,,,,r,r,r,r,,,,
alaska,"3,565",0.380591438,2021,,,,,,,r,r,s,split,,,,
arizona,"36,256",0.4653216284,2021,,,,,,,r,r,r,r,,,,
arkansas,"14,375",0.3996941471,2021,,,,,,,r,r,r,r,,,,
california,"166,048",0.3947808886,2021,,,,,,,d,d,d,d,,,,
colorado,"22,334",0.3547951516,2021,,,,,,,d,d,d,d,,,,
connecticut,"12,930",0.362489487,2021,,,,,,,d,d,d,d,,,,
delaware,"3,873",0.3694905552,2021,,,,,,,d,d,d,d,,,,
district of columbia,"3,697",0.4269053118,2021,,,,,,,,,,,,,,
florida,"98,175",0.4539674466,2021,,,,,,,r,r,r,r,,,,
georgia,"57,113",0.4603177162,2021,,,,,,,r,r,r,r,,,,
hawaii,"5,416",0.3467349552,2021,,,,,,,d,d,d,d,,,,
idaho,"7,447",0.3320551121,2021,,,,,,,r,r,r,r,,,,
illinois,"49,868",0.3772477286,2021,,,,,,,d,d,d,d,,,,
indiana,"31,892",0.3989192705,2021,,,,,,,r,r,r,r,,,,
iowa,"13,918",0.3778471562,2021,,,,,,,r,r,r,r,,,,
kansas,"10,509",0.3028093935,2021,,,,,,,d,r,r,split,,,,
kentucky,"23,430",0.4487302256,2021,,,,,,,d,r,r,split,,,,
louisiana,"34,926",0.6080749343,2021,,,,,,,d,r,r,split,,,,
maine,"4,569",0.3805597201,2021,,,,,,,d,d,d,d,,,,
maryland,"26,000",0.3807571209,2021,,,,,,,r,d,d,split,,,,
massachusetts,"20,224",0.2925206474,2021,,,,,,,r,d,d,split,,,,
michigan,"39,585",0.3770718232,2021,,,,,,,d,r,r,split,,,,
minnesota,"20,462",0.3176096236,2021,,,,,,,d,r,d,split,,,,
mississippi,"20,721",0.5894015246,2021,,,,,,,r,r,r,r,,,,
missouri,"26,621",0.383295178,2021,,,,,,,r,r,r,r,,,,
montana,"4,200",0.3739649185,2021,,,,,,,r,r,r,r,,,,
nebraska,"8,506",0.3456459019,2021,,,,,,,r,-,-,-,,,,
nevada,"14,908",0.4425577391,2021,,,,,,,d,d,d,d,,,,
new hampshire,"2,890",0.2289108911,2021,,,,,,,r,r,r,r,,,,
new jersey,"29,575",0.2913879228,2021,,,,,,,d,d,d,d,,,,
new mexico,"11,504",0.5377962695,2021,,,,,,,d,d,d,d,,,,
new york,"95,959",0.4553387554,2021,,,,,,,d,d,d,d,,,,
north carolina,"46,852",0.3889230156,2021,,,,,,,d,r,r,split,,,,
north dakota,"2,330",0.2304193038,2021,,,,,,,r,r,r,r,,,,
ohio,"51,657",0.3980014023,2021,,,,,,,r,r,r,r,,,,
oklahoma,"24,701",0.510245817,2021,,,,,,,r,r,r,r,,,,
oregon,"17,303",0.4229114728,2021,,,,,,,d,d,d,d,,,,
pennsylvania,"43,678",0.3293420398,2021,,,,,,,d,r,r,split,,,,
rhode island,"4,631",0.4425649847,2021,,,,,,,d,d,d,d,,,,
south carolina,"26,842",0.4693888257,2021,,,,,,,r,r,r,r,,,,
south dakota,"3,193",0.2808514381,2021,,,,,,,r,r,r,r,,,,
tennessee,"37,328",0.4567960155,2021,,,,,,,r,r,r,r,,,,
texas,"180,705",0.4836935283,2021,,,,,,,r,r,r,r,,,,
utah,"9,870",0.2112947423,2021,,,,,,,r,r,r,r,,,,
vermont,"2,022",0.3755572065,2021,,,,,,,r,d,d,split,,,,
virginia,"30,115",0.3142708062,2021,,,,,,,d,d,d,d,,,,
washington,"27,992",0.3335915434,2021,,,,,,,d,d,d,d,,,,
west virginia,"8,212",0.4774973834,2021,,,,,,,r,r,r,r,,,,
wisconsin,"21,527",0.348440459,2021,,,,,,,d,r,r,split,,,,
wyoming,"1,846",0.2959756293,2021,,,,,,,r,r,r,r,,,,
alabama,26210.0,0.450739,2022,,,,,,,r,r,r,r,,,,
alaska,3569.0,0.381344,2022,,,,,,,r,r,s,split,,,,
arizona,36153.0,0.460272,2022,,,,,,,r,r,r,r,,,,
arkansas,13793.0,0.388853,2022,,,,,,,r,r,r,r,,,,
california,168963.0,0.403153,2022,,,,,,,d,d,d,d,,,,
colorado,22227.0,0.356299,2022,,,,,,,d,d,d,d,,,,
connecticut,13425.0,0.379967,2022,,,,,,,d,d,d,d,,,,
delaware,4533.0,0.419101,2022,,,,,,,d,d,d,d,,,,
district of columbia,3624.0,0.448793,2022,,,,,,,,,,,,,,
florida,97798.0,0.435756,2022,,,,,,,r,r,r,r,,,,
georgia,57915.0,0.459169,2022,,,,,,,r,r,r,r,,,,
hawaii,5181.0,0.333505,2022,,,,,,,d,d,d,d,,,,
idaho,7099.0,0.317047,2022,,,,,,,r,r,r,r,,,,
illinois,49758.0,0.387674,2022,,,,,,,d,d,d,d,,,,
indiana,32758.0,0.411279,2022,,,,,,,r,r,r,r,,,,
iowa,14141.0,0.387361,2022,,,,,,,r,r,r,r,,,,
kansas,10789.0,0.313625,2022,,,,,,,d,r,r,split,,,,
kentucky,23672.0,0.45249,2022,,,,,,,d,r,r,split,,,,
louisiana,34642.0,0.613361,2022,,,,,,,d,r,r,split,,,,
maine,4462.0,0.368974,2022,,,,,,,d,d,d,d,,,,
maryland,27584.0,0.401035,2022,,,,,,,r,d,d,split,,,,
massachusetts,21318.0,0.310831,2022,,,,,,,r,d,d,split,,,,
michigan,38716.0,0.378378,2022,,,,,,,d,r,r,split,,,,
minnesota,21080.0,0.329298,2022,,,,,,,d,r,d,split,,,,
mississippi,19866.0,0.57292,2022,,,,,,,r,r,r,r,,,,
missouri,26658.0,0.386432,2022,,,,,,,r,r,r,r,,,,
montana,4045.0,0.362228,2022,,,,,,,r,r,r,r,,,,
nebraska,8766.0,0.360074,2022,,,,,,,r,-,-,-,,,,
nevada,14167.0,0.426807,2022,,,,,,,d,d,d,d,,,,
new hampshire,2607.0,0.215865,2022,,,,,,,r,r,r,r,,,,
new jersey,31012.0,0.3014,2022,,,,,,,d,d,d,d,,,,
new mexico,11893.0,0.550245,2022,,,,,,,d,d,d,d,,,,
new york,98396.0,0.473572,2022,,,,,,,d,d,d,d,,,,
north carolina,46609.0,0.383418,2022,,,,,,,d,r,r,split,,,,
north dakota,2102.0,0.219714,2022,,,,,,,r,r,r,r,,,,
ohio,50690.0,0.395302,2022,,,,,,,r,r,r,r,,,,
oklahoma,24580.0,0.508566,2022,,,,,,,r,r,r,r,,,,
oregon,17209.0,0.435748,2022,,,,,,,d,d,d,d,,,,
pennsylvania,44317.0,0.34024,2022,,,,,,,d,r,r,split,,,,
rhode island,4177.0,0.406758,2022,,,,,,,d,d,d,d,,,,
south carolina,27434.0,0.474473,2022,,,,,,,r,r,r,r,,,,
south dakota,3070.0,0.274083,2022,,,,,,,r,r,r,r,,,,
tennessee,36335.0,0.441682,2022,,,,,,,r,r,r,r,,,,
texas,188585.0,0.483873,2022,,,,,,,r,r,r,r,,,,
utah,7918.0,0.173003,2022,,,,,,,r,r,r,r,,,,
vermont,2021.0,0.380173,2022,,,,,,,r,d,d,split,,,,
virginia,32139.0,0.336077,2022,,,,,,,r,d,r,split,,,,
washington,27854.0,0.334249,2022,,,,,,,d,d,d,d,,,,
west virginia,8056.0,0.47587,2022,,,,,,,r,r,r,r,,,,
wisconsin,20449.0,0.340539,2022,,,,,,,d,r,r,split,,,,
wyoming,1787.0,0.295421,2022,,,,,,,r,r,r,r,,,,
alabama,"25,825",0.4464,2023,,,,,,,r,r,r,r,,,,
alaska,"3,230",0.3583,2023,,,,,,,r,s,s,split,,,,
arizona,"36,272",0.4645,2023,,,,,,,d,r,r,split,,,,
arkansas,"14,450",0.4098,2023,,,,,,,r,r,r,r,,,,
california,"161,965",0.4048,2023,,,,,,,d,d,d,d,,,,
colorado,"22,027",0.3582,2023,,,,,,,d,d,d,d,,,,
connecticut,"14,155",0.4096,2023,,,,,,,d,d,d,d,,,,
delaware,"4,498",0.4314,2023,,,,,,,d,d,d,d,,,,
district of columbia,"3,611",0.4573,2023,,,,,,,,,,,,,,
florida,"93,001",0.42,2023,,,,,,,r,r,r,r,,,,
georgia,"56,224",0.4494,2023,,,,,,,r,r,r,r,,,,
hawaii,"5,085",0.3434,2023,,,,,,,d,d,d,d,,,,
idaho,"6,899",0.308,2023,,,,,,,r,r,r,r,,,,
illinois,"49,327",0.3952,2023,,,,,,,d,d,d,d,,,,
indiana,"32,292",0.4088,2023,,,,,,,r,r,r,r,,,,
iowa,"13,685",0.3796,2023,,,,,,,r,r,r,r,,,,
kansas,"10,659",0.3129,2023,,,,,,,d,r,r,split,,,,
kentucky,"23,029",0.443,2023,,,,,,,d,r,r,split,,,,
louisiana,"34,871",0.635,2023,,,,,,,d,r,r,split,,,,
maine,"4,481",0.3854,2023,,,,,,,d,d,d,d,,,,
maryland,"27,290",0.416,2023,,,,,,,d,d,d,d,,,,
massachusetts,"21,209",0.3161,2023,,,,,,,d,d,d,d,,,,
michigan,"36,841",0.3717,2023,,,,,,,d,d,d,d,,,,
minnesota,"21,210",0.3437,2023,,,,,,,d,d,d,d,,,,
mississippi,"19,493",0.5657,2023,,,,,,,r,r,r,r,,,,
missouri,"26,991",0.4021,2023,,,,,,,r,r,r,r,,,,
montana,"3,853",0.3481,2023,,,,,,,r,r,r,r,,,,
nebraska,"9,092",0.3771,2023,,,,,,,r,-,-,-,,,,
nevada,"13,206",0.4154,2023,,,,,,,r,d,d,split,,,,
new hampshire,"2,462",0.2063,2023,,,,,,,r,r,r,r,,,,
new jersey,"31,309",0.31,2023,,,,,,,d,d,d,d,,,,
new mexico,"11,574",0.5524,2023,,,,,,,d,d,d,d,,,,
new york,"98,769",0.4851,2023,,,,,,,d,d,d,d,,,,
north carolina,"44,873",0.3737,2023,,,,,,,d,r,r,split,,,,
north dakota,"2,214",0.2295,2023,,,,,,,r,r,r,r,,,,
ohio,"49,073",0.3867,2023,,,,,,,r,r,r,r,,,,
oklahoma,"25,139",0.5247,2023,,,,,,,r,r,r,r,,,,
oregon,"17,038",0.4449,2023,,,,,,,d,d,d,d,,,,
pennsylvania,"44,722",0.3523,2023,,,,,,,d,r,d,split,,,,
rhode island,"4,249",0.4334,2023,,,,,,,d,d,d,d,,,,
south carolina,"26,440",0.458,2023,,,,,,,r,r,r,r,,,,
south dakota,"2,919",0.2606,2023,,,,,,,r,r,r,r,,,,
tennessee,"37,939",0.457,2023,,,,,,,r,r,r,r,,,,
texas,"185,348",0.4778,2023,,,,,,,r,r,r,r,,,,
utah,"8,089",0.1797,2023,,,,,,,r,r,r,r,,,,
vermont,"1,857",0.3666,2023,,,,,,,r,d,d,split,,,,
virginia,"32,656",0.3525,2023,,,,,,,r,d,r,split,,,,
washington,"28,297",0.3496,2023,,,,,,,d,d,d,d,,,,
west virginia,"7,681",0.4625,2023,,,,,,,r,r,r,r,,,,
wisconsin,"20,619",0.3451,2023,,,,,,,d,r,r,split,,,,
wyoming,"1,744",0.2912,2023,,,,,,,r,r,r,r,,,,
alabama,,,2024,952073.0,0.1896,676170.0,0.5224,0.3519,0.1257,r,r,r,r,772412.0,1462616.0,1574886.0,2265090.0
alaska,,,2024,250131.0,0.3562,98400.0,0.4325,0.4625,0.105,r,s,s,split,,,,
arizona,,,2024,1963200.0,0.2681,833327.0,0.4078,0.4682,0.124,d,r,r,split,1582860.0,1770242.0,3213344.0,3400726.0
arkansas,,,2024,821017.0,0.2725,420469.0,0.4615,0.4478,0.0907,r,r,r,r,396905.0,759241.0,820340.0,1182676.0
california,,,2024,13431928.0,0.3489,5001451.0,0.37,0.5064,0.1236,d,d,d,d,9273813.0,6079570.0,19052085.0,15857842.0
colorado,,,2024,1185011.0,0.2051,525429.0,0.4066,0.4921,0.1014,d,d,d,d,1728159.0,1377441.0,3541591.0,3190873.0
connecticut,,,2024,932771.0,0.261,368238.0,0.3563,0.5003,0.1434,d,d,d,d,990946.0,736110.0,2011906.0,1757070.0
delaware,,,2024,250651.0,0.2463,110990.0,0.409,0.4851,0.1059,d,d,d,d,289758.0,214351.0,588319.0,512912.0
district of columbia,,,2024,,,,,,,,,,,294185.0,21076.0,598978.0,325869.0
florida,,,2024,3765231.0,0.169,2424906.0,0.4619,0.3598,0.1783,r,r,r,r,4683038.0,6110125.0,9508378.0,10935465.0
georgia,,,2024,1978819.0,0.1827,1408144.0,0.5448,0.33,0.1252,r,r,r,r,2548017.0,2663117.0,5151303.0,5266403.0
hawai'i,,,2024,402818.0,0.2923,152855.0,0.3838,0.4857,0.1304,,,,,,,,
hawaii,,,2024,,,,,,,d,d,d,d,313044.0,193661.0,636084.0,516701.0
idaho,,,2024,314819.0,0.1624,156308.0,0.4747,0.4418,0.0835,r,r,r,r,274972.0,605246.0,574776.0,905050.0
illinois,,,2024,3243413.0,0.262,1437216.0,0.4206,0.4726,0.1068,d,d,d,d,3062863.0,2449079.0,6254097.0,5640313.0
indiana,,,2024,1804429.0,0.2668,837132.0,0.4378,0.4712,0.091,r,r,r,r,1163603.0,1720347.0,2387465.0,2944209.0
iowa,,,2024,674985.0,0.2135,338217.0,0.4482,0.4617,0.0901,r,r,r,r,707278.0,927019.0,1443765.0,1663506.0
kansas,,,2024,411381.0,0.143,280735.0,0.5408,0.3502,0.109,d,r,r,split,531989.0,741464.0,1094695.0,1304170.0
kentucky,,,2024,1385144.0,0.3118,628039.0,0.4,0.5102,0.0898,d,r,r,split,700921.0,1336230.0,1434770.0,2070079.0
louisiana,,,2024,1511871.0,0.3376,711087.0,0.4205,0.483,0.0965,r,r,r,r,766870.0,1208505.0,1565340.0,2006975.0
maine,,,2024,350738.0,0.2545,139442.0,0.3203,0.5176,0.1621,d,d,d,d,430041.0,376851.0,877610.0,824420.0
maryland,,,2024,1525201.0,0.2506,692463.0,0.406,0.4792,0.1148,d,d,d,d,1704901.0,1007006.0,3502237.0,2804342.0
massachusetts,,,2024,1658082.0,0.2391,712948.0,0.3112,0.5463,0.1426,d,d,d,d,2126545.0,1251308.0,4348890.0,3473653.0
michigan,,,2024,2364114.0,0.238,924548.0,0.3694,0.5232,0.1074,d,d,d,d,2736533.0,2816636.0,5594349.0,5674452.0
minnesota,,,2024,1167743.0,0.2057,590602.0,0.4167,0.4995,0.0839,d,d,d,d,1656979.0,1519032.0,3391867.0,3253920.0
mississippi,,,2024,602825.0,0.2097,398975.0,0.5134,0.3462,0.1404,r,r,r,r,465357.0,746305.0,945563.0,1226511.0
missouri,,,2024,1269477.0,0.2083,612355.0,0.4904,0.4168,0.0929,r,r,r,r,1097007.0,1719797.0,2240977.0,2863767.0
montana,,,2024,218858.0,0.1962,94588.0,0.4129,0.4966,0.0905,r,r,r,r,231906.0,352079.0,482790.0,602963.0
nebraska,,,2024,341081.0,0.1748,175580.0,0.4903,0.4082,0.1016,r,-,-,-,369995.0,564816.0,757361.0,952182.0
nevada,,,2024,760981.0,0.2413,328136.0,0.4271,0.4677,0.1052,r,d,d,split,691822.0,734332.0,1411262.0,1453772.0
new hampshire,,,2024,183563.0,0.1324,89195.0,0.4327,0.4595,0.1078,r,r,r,r,418496.0,395531.0,849170.0,826205.0
new jersey,,,2024,1753610.0,0.1905,797934.0,0.4151,0.4643,0.1206,d,d,d,d,2218076.0,1966571.0,4534771.0,4283266.0
new mexico,,,2024,764407.0,0.3681,340714.0,0.4074,0.4865,0.1061,d,d,d,d,478802.0,423391.0,978773.0,923362.0
new york,,,2024,6652419.0,0.3434,2461497.0,0.3335,0.5231,0.1434,d,d,d,d,4388298.0,3468060.0,8879603.0,7959365.0
north carolina,,,2024,2776584.0,0.2614,1413500.0,0.502,0.3814,0.1166,d,r,r,split,2715380.0,2898428.0,5516104.0,5699152.0
north dakota,,,2024,104911.0,0.1374,51397.0,0.438,0.4479,0.1141,r,r,r,r,112327.0,246505.0,233977.0,368155.0
ohio,,,2024,2875313.0,0.2475,1213349.0,0.4129,0.4945,0.0926,r,r,r,r,2533699.0,3180116.0,5148699.0,5795116.0
oklahoma,,,2024,988293.0,0.2491,520592.0,0.5229,0.4013,0.0758,r,r,r,r,499599.0,1036213.0,1029559.0,1566173.0
oregon,,,2024,1300251.0,0.3101,479723.0,0.3557,0.5236,0.1207,d,d,d,d,1240600.0,919480.0,2565610.0,2244490.0
pennsylvania,,,2024,3106529.0,0.2431,1453291.0,0.398,0.4792,0.1227,d,r,d,split,3422944.0,3543243.0,6936055.0,7056354.0
rhode island,,,2024,306344.0,0.2837,123288.0,0.334,0.5288,0.1372,d,d,d,d,283750.0,214291.0,581275.0,511816.0
south carolina,,,2024,1037498.0,0.1966,635404.0,0.5011,0.3802,0.1187,r,r,r,r,1028452.0,1483747.0,2092845.0,2548140.0
south dakota,,,2024,142007.0,0.1577,82034.0,0.5084,0.3288,0.1627,r,r,r,r,146859.0,272081.0,303700.0,428922.0
tennessee,,,2024,1436211.0,0.2042,843367.0,0.4946,0.3928,0.1127,r,r,r,r,1056265.0,1966865.0,2153342.0,3063942.0
texas,,,2024,4178724.0,0.1392,3189385.0,0.5923,0.2949,0.1128,r,r,r,r,4835250.0,6393597.0,9847832.0,11406179.0
utah,,,2024,339379.0,0.1001,176109.0,0.4592,0.4321,0.1087,r,r,r,r,562566.0,883818.0,1192146.0,1513398.0
vermont,,,2024,157471.0,0.2453,58923.0,0.335,0.534,0.1309,r,d,d,split,235791.0,119395.0,485818.0,369422.0
virginia,,,2024,1809526.0,0.2132,860757.0,0.4278,0.4803,0.0919,r,d,d,split,1604022.0,1632426.0,3279839.0,3308243.0
washington,,,2024,1837170.0,0.2388,840117.0,0.4251,0.4742,0.1007,d,d,d,d,2245849.0,1530923.0,4639171.0,3924245.0
west virginia,,,2024,510971.0,0.2943,206368.0,0.3726,0.5172,0.1102,r,r,r,r,214309.0,533556.0,444432.0,763679.0
wisconsin,,,2024,1189424.0,0.2033,562898.0,0.4119,0.4658,0.1223,d,r,r,split,1668229.0,1697626.0,3393521.0,3422918.0
wyoming,,,2024,63292.0,0.1103,42824.0,0.5737,0.3155,0.1108,r,r,r,r,69527.0,192633.0,145942.0,269048.0
alabama,,,2025,,,,,,,r,r,r,r,,,,
alaska,,,2025,,,,,,,r,s,s,split,,,,
arizona,,,2025,,,,,,,d,r,r,split,,,,
arkansas,,,2025,,,,,,,r,r,r,r,,,,
california,,,2025,,,,,,,d,d,d,d,,,,
colorado,,,2025,,,,,,,d,d,d,d,,,,
connecticut,,,2025,,,,,,,d,d,d,d,,,,
delaware,,,2025,,,,,,,d,d,d,d,,,,
florida,,,2025,,,,,,,r,r,r,r,,,,
georgia,,,2025,,,,,,,r,r,r,r,,,,
hawaii,,,2025,,,,,,,d,d,d,d,,,,
idaho,,,2025,,,,,,,r,r,r,r,,,,
illinois,,,2025,,,,,,,d,d,d,d,,,,
indiana,,,2025,,,,,,,r,r,r,r,,,,
iowa,,,2025,,,,,,,r,r,r,r,,,,
kansas,,,2025,,,,,,,d,r,r,split,,,,
kentucky,,,2025,,,,,,,d,r,r,split,,,,
louisiana,,,2025,,,,,,,r,r,r,r,,,,
maine,,,2025,,,,,,,d,d,d,d,,,,
maryland,,,2025,,,,,,,d,d,d,d,,,,
michigan,,,2025,,,,,,,d,d,r,split,,,,
mississippi,,,2025,,,,,,,r,r,r,r,,,,
missouri,,,2025,,,,,,,r,r,r,r,,,,
montana,,,2025,,,,,,,r,r,r,r,,,,
nebraska,,,2025,,,,,,,r,-,-,-,,,,
nevada,,,2025,,,,,,,r,d,d,split,,,,
new hampshire,,,2025,,,,,,,r,r,r,r,,,,
new jersey,,,2025,,,,,,,d,d,d,d,,,,
new mexico,,,2025,,,,,,,d,d,d,d,,,,
new york,,,2025,,,,,,,d,d,d,d,,,,
north carolina,,,2025,,,,,,,d,r,r,split,,,,
north dakota,,,2025,,,,,,,r,r,r,r,,,,
oregon,,,2025,,,,,,,d,d,d,d,,,,
pennsylvania,,,2025,,,,,,,d,r,_,,,,,
rhode island,,,2025,,,,,,,d,d,d,d,,,,
south carolina,,,2025,,,,,,,r,r,r,r,,,,
south dakota,,,2025,,,,,,,r,r,r,r,,,,
tennessee,,,2025,,,,,,,r,r,r,r,,,,
texas,,,2025,,,,,,,r,r,r,r,,,,
virginia,,,2025,,,,,,,r,d,d,split,,,,
wisconsin,,,2025,,,,,,,d,r,r,split,,,,
